{"parent":"minecraft:item/generated","textures":{"layer0":"minecraft:item/diamond_horse_armor"},"overrides":[{"predicate":{"custom_model_data":1},"model":"modelengine:anarchia/bb_main"},{"predicate":{"custom_model_data":2},"model":"modelengine:boxpvp/bb_main"},{"predicate":{"custom_model_data":3},"model":"modelengine:niewiemjaktonazwac/bb_main"},{"predicate":{"custom_model_data":4},"model":"modelengine:oneblock/bb_main"},{"predicate":{"custom_model_data":5},"model":"modelengine:rustxbungee/bb_main"},{"predicate":{"custom_model_data":6},"model":"modelengine:minigry/bb_main"},{"predicate":{"custom_model_data":7},"model":"modelengine:arcade_brazowy/group"},{"predicate":{"custom_model_data":8},"model":"modelengine:arcade_nibieski/group"},{"predicate":{"custom_model_data":9},"model":"modelengine:chest/group"}]}