{"parent":"builtin/entity","textures":{"particle":"block/dark_oak_planks"},"display":{"thirdperson_righthand":{"rotation":[45,135,0],"translation":[3.51,11,-2],"scale":[1,1,1]},"thirdperson_lefthand":{"rotation":[45,135,0],"translation":[13.51,3,5],"scale":[1,1,1]},"firstperson_righthand":{"rotation":[0,180,-4],"translation":[-8,2.5,-8],"scale":[1,1,1]},"firstperson_lefthand":{"rotation":[0,180,-4],"translation":[6,2.5,-8],"scale":[1,1,1]},"gui":{"rotation":[15,-25,-5],"translation":[2,3,0],"scale":[0.65,0.65,0.65]}},"overrides":[]}